Workbook

Sheet Parts Only (Editable)
A1: Picture | B1: Part Number | C1: Description | D1: Total Qty | E1: Vendor | F1: Vendor Part No | G1: Where Used (Sub-Asm Qty) | H1: Status
A2: #VALUE! | B2: KC1T_M-Solidworks | D2: 1 | G2: Cage2-sjm (1)
A3: #VALUE! | B3: ER3-Solidworks | D3: 16 | G3: Cage2-sjm (4), cag subassm 1 (4)
A4: #VALUE! | B4: CRM1T_M-Solidworks | D4: 7 | G4: cag subassm 1 (2), Cage2-sjm (1)
A5: #VALUE! | B5: CCM1-4ER_M-Solidworks | D5: 1 | G5: Cage2-sjm (1)
A6: #VALUE! | B6: CP33_M-Solidworks | D6: 1 | G6: Cage2-sjm (1)

Sheet Lists
A1: Thorlabs
A2: McMaster-Carr
A3: Newport
A4: Digi-Key
A5: Unknown

Sheet Assemblies (Read-Only)
A1: Picture | B1: Level | C1: Type | D1: Part Number | E1: Description | F1: Qty | G1: Vendor | H1: Vendor Part No
A2: #VALUE! | B2: 1.0 | C2: Part | D2: KC1T_M-Solidworks | E2: =IFERROR(INDEX('Parts Only (Editable)'!$C$2:$C$206,MATCH(D2,'Parts Only (Editable)'!$B$2:$B$206,0)),"") | F2: 1 | G2: =IFERROR(INDEX('Parts Only (Editable)'!$E$2:$E$206,MATCH(D2,'Parts Only (Editable)'!$B$2:$B$206,0)),"") | H2: =IFERROR(INDEX('Parts Only (Editable)'!$F$2:$F$206,MATCH(D2,'Parts Only (Editable)'!$B$2:$B$206,0)),"")
A3: #VALUE! | B3: 2.0 | C3: Part | D3: ER3-Solidworks | E3: =IFERROR(INDEX('Parts Only (Editable)'!$C$2:$C$206,MATCH(D3,'Parts Only (Editable)'!$B$2:$B$206,0)),"") | F3: 4 | G3: =IFERROR(INDEX('Parts Only (Editable)'!$E$2:$E$206,MATCH(D3,'Parts Only (Editable)'!$B$2:$B$206,0)),"") | H3: =IFERROR(INDEX('Parts Only (Editable)'!$F$2:$F$206,MATCH(D3,'Parts Only (Editable)'!$B$2:$B$206,0)),"")
A4: #VALUE! | B4: 3.0 | C4: Assembly | D4: cag subassm 1 | F4: 3
A5: #VALUE! | B5: 3.1 | C5: Part | D5: ER3-Solidworks | E5: =IFERROR(INDEX('Parts Only (Editable)'!$C$2:$C$206,MATCH(D5,'Parts Only (Editable)'!$B$2:$B$206,0)),"") | F5: 4 | G5: =IFERROR(INDEX('Parts Only (Editable)'!$E$2:$E$206,MATCH(D5,'Parts Only (Editable)'!$B$2:$B$206,0)),"") | H5: =IFERROR(INDEX('Parts Only (Editable)'!$F$2:$F$206,MATCH(D5,'Parts Only (Editable)'!$B$2:$B$206,0)),"")
A6: #VALUE! | B6: 3.2 | C6: Part | D6: CRM1T_M-Solidworks | E6: =IFERROR(INDEX('Parts Only (Editable)'!$C$2:$C$206,MATCH(D6,'Parts Only (Editable)'!$B$2:$B$206,0)),"") | F6: 2 | G6: =IFERROR(INDEX('Parts Only (Editable)'!$E$2:$E$206,MATCH(D6,'Parts Only (Editable)'!$B$2:$B$206,0)),"") | H6: =IFERROR(INDEX('Parts Only (Editable)'!$F$2:$F$206,MATCH(D6,'Parts Only (Editable)'!$B$2:$B$206,0)),"")
A7: #VALUE! | B7: 4.0 | C7: Part | D7: CRM1T_M-Solidworks | E7: =IFERROR(INDEX('Parts Only (Editable)'!$C$2:$C$206,MATCH(D7,'Parts Only (Editable)'!$B$2:$B$206,0)),"") | F7: 1 | G7: =IFERROR(INDEX('Parts Only (Editable)'!$E$2:$E$206,MATCH(D7,'Parts Only (Editable)'!$B$2:$B$206,0)),"") | H7: =IFERROR(INDEX('Parts Only (Editable)'!$F$2:$F$206,MATCH(D7,'Parts Only (Editable)'!$B$2:$B$206,0)),"")
A8: #VALUE! | B8: 5.0 | C8: Part | D8: CCM1-4ER_M-Solidworks | E8: =IFERROR(INDEX('Parts Only (Editable)'!$C$2:$C$206,MATCH(D8,'Parts Only (Editable)'!$B$2:$B$206,0)),"") | F8: 1 | G8: =IFERROR(INDEX('Parts Only (Editable)'!$E$2:$E$206,MATCH(D8,'Parts Only (Editable)'!$B$2:$B$206,0)),"") | H8: =IFERROR(INDEX('Parts Only (Editable)'!$F$2:$F$206,MATCH(D8,'Parts Only (Editable)'!$B$2:$B$206,0)),"")
A9: #VALUE! | B9: 6.0 | C9: Part | D9: CP33_M-Solidworks | E9: =IFERROR(INDEX('Parts Only (Editable)'!$C$2:$C$206,MATCH(D9,'Parts Only (Editable)'!$B$2:$B$206,0)),"") | F9: 1 | G9: =IFERROR(INDEX('Parts Only (Editable)'!$E$2:$E$206,MATCH(D9,'Parts Only (Editable)'!$B$2:$B$206,0)),"") | H9: =IFERROR(INDEX('Parts Only (Editable)'!$F$2:$F$206,MATCH(D9,'Parts Only (Editable)'!$B$2:$B$206,0)),"")
